    [
    {
        "nepali": "काेशी प्रदेश",
        "english": "Koshi Province"
    },
    {
        "nepali": "मधेश प्रदेश",
        "english": "Madhesh Province"
    },
    {
        "nepali": "बाग्मती प्रदेश",
        "english": "Bagmati Province"
    },
    {
        "nepali": "गण्डकी प्रदेश",
        "english": "Gandaki Province"
    },
    {
        "nepali": "लुम्बिनी प्रदेश",
        "english": "Lumbini Province"
    },
    {
        "nepali": "कर्णाली प्रदेश",
        "english": "Karnali Province"
    },
    {
        "nepali": "सुदुरपश्चिम प्रदेश",
        "english": "Sudurpaschim Province"
    }
    ]
